{
  "accuracy": 0.7834351022565332,
  "classification_report": {
    "0": {
      "precision": 0.7960157531998687,
      "recall": 0.7625458226701962,
      "f1-score": 0.7789214064813239,
      "support": 159037.0
    },
    "1": {
      "precision": 0.7718559509928894,
      "recall": 0.8043502895995971,
      "f1-score": 0.7877681761708188,
      "support": 158840.0
    },
    "accuracy": 0.7834351022565332,
    "macro avg": {
      "precision": 0.7839358520963791,
      "recall": 0.7834480561348967,
      "f1-score": 0.7833447913260714,
      "support": 317877.0
    },
    "weighted avg": {
      "precision": 0.7839433384527917,
      "recall": 0.7834351022565332,
      "f1-score": 0.783342049992743,
      "support": 317877.0
    }
  }
}